Confidentiality Impact,Integrity Impact,Availability Impact
1.0,0.7572366837482335,0.49792741543684205
0.7572366837482335,1.0,0.6067294525803217
0.49792741543684205,0.6067294525803217,1.0
