Attack Vector,Base Score
LOCAL,6.64129519082938
NETWORK,7.353532108513199
PHYSICAL,5.635227303613316
ADJACENT NETWORK,7.1443182826042175
