Year,Base Score
2011,7.5
2012,5.925000190734863
2013,6.920000171661377
2014,6.8
2015,7.6238096214476085
2016,7.256000061035156
2017,7.692817796001118
2018,7.4189874311036705
2019,7.172727346420288
2020,7.0690729423864
2021,7.066640901047653
